{
  "metrics": {
    "logistic_regression": {
      "accuracy": 0.5885954841178722,
      "precision": 0.6583025830258302,
      "recall": 0.5930851063829787,
      "f1": 0.6239944036376356,
      "roc_auc": 0.6385832549929973
    },
    "decision_tree": {
      "accuracy": 0.5794106391121316,
      "precision": 0.6578332034294622,
      "recall": 0.5611702127659575,
      "f1": 0.6056691783279512,
      "roc_auc": 0.6090569422327955
    },
    "random_forest": {
      "accuracy": 0.5977803291236127,
      "precision": 0.6600706713780918,
      "recall": 0.6210106382978723,
      "f1": 0.6399451867077767,
      "roc_auc": 0.6469333955259675
    },
    "xgboost": {
      "accuracy": 0.6054343666283964,
      "precision": 0.6690493209435311,
      "recall": 0.6223404255319149,
      "f1": 0.6448501550120564,
      "roc_auc": 0.6509818122517891
    },
    "mlp": {
      "accuracy": 0.606582472254114,
      "precision": 0.643719806763285,
      "recall": 0.7087765957446809,
      "f1": 0.6746835443037975,
      "roc_auc": 0.6254964219250618
    }
  },
  "best_model": "mlp",
  "best_model_test_f1": 0.6746835443037975,
  "best_model_test_roc_auc": 0.6254964219250618
}